,Factors,One Day(%),MTD(%),QTD(%),YTD(%)
0,Value,-0.373676562175629,6.90576965916685,10.436083304568,10.436083304567902
1,Quality,-0.43574846206425605,3.19695359546581,0.275363565958187,0.275363565958142
2,Momentum,0.804455445544572,-0.585865983156353,0.998201996403991,0.998201996403991
3,Size,-0.283773325307435,5.3798618684114805,4.30871638031842,4.3087163803183595
4,Low Vol,-0.9784735812133131,-0.378615780705738,-3.09369475545078,-3.0936947554508
5,S&P 500 (SPY),-0.515261684931856,2.78055503012944,1.7331764202417999,1.73317642024171
